Unique ID,Title,Type,Location,Zoom
account1,Kiriat Gat,city,31.609314347397717|34.77215766906738,14
account2,Eilat,city,31.603466403994243|34.77099895477295,14
account3,Adidas,corporate,31.603466403994243|34.77099895477295,14
