Unique ID,Title,Type,Location,Zoom
account1,קרית גת,city,31.6047|34.7749,15
account2,Eilat,city,31.603466403994243|34.77099895477295,14
account3,Adidas,corporate,31.603466403994243|34.77099895477295,14
