Unique ID,Title,Type,Location
account1,Kiriat Gat,city,31.603466403994243|34.77099895477295
account2,Eilat,city,31.603466403994243|34.77099895477295
account3,Adidas,corporate,31.603466403994243|34.77099895477295
